round,sender,receiver,link,payload_type,messages,client_id,worker_id,bytes,actual_seconds,status,ack_sha256,receiver_host,receiver_port,send_start_time,send_end_time,server_receive_time,server_response_time,process_seconds,error,includes_processing,time_category,note
0,Launcher,CS,Launcher->CS,StartExperiment,1,,,47,277.4642024999994,http,d269e7e00c249c0457b33f28de66bdd1a1c149a645b5042867643a98a03cc0a6,127.0.0.1,9300,11342.9122883,11620.3764908,1781627829.5264857,1781628106.7270868,277.20060110092163,,1,experiment_total,StartExperiment waits for the full CS-driven distributed experiment to finish
0,CS,C1,CS->C1,PublicKeyReq,1,1,,15,0.22259180000037304,http,758b04e41b6869d67281b7d6f834bf3d8373a8d500f4be10e7a62e35957a48f4,127.0.0.1,9401,11343.176067,11343.3986588,1781627829.7501116,1781627829.7501116,0.0,,0,network_transfer,
0,CS,C2,CS->C2,PublicKeyReq,1,2,,15,0.01437910000095144,http,79f435775552f2bbc12a870e9213a1c6ea9de85c6feaf0aaf3478fffe5ff2c67,127.0.0.1,9402,11343.400424,11343.4148031,1781627829.7670405,1781627829.7670405,0.0,,0,network_transfer,
0,CS,C3,CS->C3,PublicKeyReq,1,3,,15,0.00481460000082734,http,bc85871f3c24777f7161df299ddd423e1036a39a4d53512ef616fd298da223e8,127.0.0.1,9403,11343.4166166,11343.4214312,1781627829.7720027,1781627829.7720027,0.0,,0,network_transfer,
0,CS,C4,CS->C4,PublicKeyReq,1,4,,15,0.00399459999971441,http,431912657f5cc3ba0e4820eba063912654e904333810739608789b5366e5f64f,127.0.0.1,9404,11343.4225276,11343.4265222,1781627829.7762635,1781627829.7762635,0.0,,0,network_transfer,
0,CS,C5,CS->C5,PublicKeyReq,1,5,,15,0.005197700000280747,http,055994d27ba576357251b8200baacc23f7d721eb70a07eec18fdc96b063536d3,127.0.0.1,9405,11343.4276257,11343.4328234,1781627829.78446,1781627829.78446,0.0,,0,network_transfer,
0,CS,KGC,CS->KGC,SetupReq,1,,,1331,0.6282120999985636,http,e5b0dc8337c5f9845998084c83bdd72f20887766c0e86218a31cf8cd6a762dd6,127.0.0.1,9200,11343.4344863,11344.0626984,1781627829.7907867,1781627830.3856237,0.594836950302124,,0,network_transfer,
0,CS,C1,CS->C1,InitModel,1,1,,622687,0.04330879999906756,http,3ec3c94c63912be03ab8a12c3d37ba135968692f51686a1fb63170a7658a519b,127.0.0.1,9401,11344.2408247,11344.2841335,1781627830.6106374,1781627830.6368694,0.026232004165649414,,0,network_transfer,
0,CS,C2,CS->C2,InitModel,1,2,,622689,0.044219299999895156,http,e8d00f79ce62f4f2897ed8e755f3df98d3ee85061aef1b5a9ee6c29bf06ea936,127.0.0.1,9402,11344.2967213,11344.3409406,1781627830.6652813,1781627830.6933532,0.028071880340576172,,0,network_transfer,
0,CS,C3,CS->C3,InitModel,1,3,,622689,0.044396400000550784,http,192283974ffd4cf573bda065f9700afb388525f03c58951e36ef9fdf634a8889,127.0.0.1,9403,11344.3529399,11344.3973363,1781627830.7228749,1781627830.749458,0.026583194732666016,,0,network_transfer,
0,CS,C4,CS->C4,InitModel,1,4,,622689,0.04642280000007304,http,b6a242dac77f412c5a6512508165e4c54ea8a9c3b1643bd7840df86a1317921c,127.0.0.1,9404,11344.4096157,11344.4560385,1781627830.7831523,1781627830.808506,0.025353670120239258,,0,network_transfer,
0,CS,C5,CS->C5,InitModel,1,5,,622688,0.029402500000287546,http,430c2f3b930e7d5a823d0562fcccba89f2ef42e73128af419a0431da7164611e,127.0.0.1,9405,11344.4678069,11344.4972094,1781627830.8255026,1781627830.846533,0.021030426025390625,,0,network_transfer,
1,CS,KGC,CS->KGC,RoundInitReq,1,,,326,0.40994919999866397,http,e1dc57d44836ca1c8a34982815cbe12eeeb7de7755405853a973cecb6e9123a0,127.0.0.1,9200,11344.7749478,11345.184897,1781627831.1515863,1781627831.537266,0.3856797218322754,,0,network_transfer,
1,KGC,C1,KGC->C1,MaskMsg,1,1,,22978,0.16907660000106262,http,6d26d6e2198868e57361c99fe9904be4ff9413ccd131cfda86850cbd4d804e6c,127.0.0.1,9401,11344.829978,11344.9990546,1781627831.3383558,1781627831.3469214,0.008565664291381836,,0,network_transfer,
1,KGC,C2,KGC->C2,MaskMsg,1,2,,23041,0.032937599999058875,http,e2839bac44c1c23eab0ef4645ae080167a07ccd144462af5b27ecd1c20d857a8,127.0.0.1,9402,11345.0100438,11345.0429814,1781627831.3824947,1781627831.3957038,0.013209104537963867,,0,network_transfer,
1,KGC,C3,KGC->C3,MaskMsg,1,3,,22972,0.03578360000028624,http,66a0f8dc7113ca1e590e8f73e36618600a1eefd3eb92aae415b62057a272fce4,127.0.0.1,9403,11345.053928,11345.0897116,1781627831.429407,1781627831.442419,0.013012170791625977,,0,network_transfer,
1,KGC,C4,KGC->C4,MaskMsg,1,4,,22857,0.036199199999828124,http,80470227a78ebd349d7ff6032277da89e8c1b779a89223e72b24effb5a0ce626,127.0.0.1,9404,11345.1001056,11345.1363048,1781627831.4767675,1781627831.4890676,0.01230001449584961,,0,network_transfer,
1,KGC,C5,KGC->C5,MaskMsg,1,5,,24000,0.03670419999980368,http,5e29044be8bdcd58c4a1a3284cf3da2da1b113c1d01b1a5b03cc0e7ad6f6a0c4,127.0.0.1,9405,11345.1464635,11345.1831677,1781627831.5242653,1781627831.5352948,0.011029481887817383,,0,network_transfer,
1,CS,C1,CS->C1,TrainUploadReq,1,1,,194,40.58840860000055,http,35bc96959d234bfb1fb4604c180afe7f7d750d6fe1a201774dc6d124ac9e6222,127.0.0.1,9401,11345.1861667,11385.7745753,1781627831.542241,1781627872.1265333,40.58429217338562,,1,end_to_end_with_processing,"TrainUploadReq includes client-side sync check, local training, encryption, commitment, and UpMsg sends"
1,CS,C2,CS->C2,TrainUploadReq,1,2,,194,41.08582550000028,http,f3b7692c990334f72c193e29e3acda1a677d8466dcc6efb4a467da5268699e37,127.0.0.1,9402,11345.1868701,11386.2726956,1781627831.543049,1781627872.6249034,41.08185434341431,,1,end_to_end_with_processing,"TrainUploadReq includes client-side sync check, local training, encryption, commitment, and UpMsg sends"
1,CS,C3,CS->C3,TrainUploadReq,1,3,,194,40.72666769999887,http,1ae481cf23fdfd37c20077ca8ae3803ec9a5669e1a9cab994404584249ddcbad,127.0.0.1,9403,11345.1877,11385.9143677,1781627831.543049,1781627872.2660277,40.722978591918945,,1,end_to_end_with_processing,"TrainUploadReq includes client-side sync check, local training, encryption, commitment, and UpMsg sends"
1,CS,C4,CS->C4,TrainUploadReq,1,4,,194,40.49177910000071,http,31273071cf40c027f9f8d375c14c3c634178aa8aa4011ab7ec4302b0198a8a24,127.0.0.1,9404,11345.1884077,11385.6801868,1781627831.5441444,1781627872.03109,40.48694562911987,,1,end_to_end_with_processing,"TrainUploadReq includes client-side sync check, local training, encryption, commitment, and UpMsg sends"
1,CS,C5,CS->C5,TrainUploadReq,1,5,,194,40.92100860000028,http,a501e947d794fad22da100ddb434823818d54bc5635787c2a61e37681b1e7543,127.0.0.1,9405,11345.1891943,11386.1102029,1781627831.5441444,1781627872.462156,40.91801166534424,,1,end_to_end_with_processing,"TrainUploadReq includes client-side sync check, local training, encryption, commitment, and UpMsg sends"
1,C4,CS,C4->CS,UpMsg,1,4,,2108772,0.25587649999943096,http,2004841bccd43979e5ffd7df011f67c61cb6b3022aaf013a1063068037a4e099,127.0.0.1,9300,11385.333833,11385.5897095,1781627871.9345496,1781627871.9415483,0.006998777389526367,,0,network_transfer,
1,C1,CS,C1->CS,UpMsg,1,1,,2108724,0.23426399999880232,http,441b2db3df56eac83edf3ba8befd7c3cd86e276295fe13ff9af76727210db422,127.0.0.1,9300,11385.4724036,11385.7066676,1781627872.0492446,1781627872.0592403,0.009995698928833008,,0,network_transfer,
1,C3,CS,C3->CS,UpMsg,1,3,,2108816,0.2511304999989079,http,94fc8d8caad1bf0a16d97d3f97ef5baa5d7f11ad77411b87131de98326f60767,127.0.0.1,9300,11385.5966843,11385.8478148,1781627872.190921,1781627872.1999269,0.00900578498840332,,0,network_transfer,
1,C4,KGC,C4->KGC,UpMsg,1,4,,2108772,0.047933300000295276,http,2004841bccd43979e5ffd7df011f67c61cb6b3022aaf013a1063068037a4e099,127.0.0.1,9200,11385.628607,11385.6765403,1781627872.0192533,1781627872.0289774,0.009724140167236328,,0,network_transfer,
1,C1,KGC,C1->KGC,UpMsg,1,1,,2108724,0.024626299998999457,http,441b2db3df56eac83edf3ba8befd7c3cd86e276295fe13ff9af76727210db422,127.0.0.1,9200,11385.7463566,11385.7709829,1781627872.1115382,1781627872.1235328,0.011994600296020508,,0,network_transfer,
1,C5,CS,C5->CS,UpMsg,1,5,,2108936,0.20701030000054743,http,34bf653515b1ea7ff626db97007e3138d106354de278b21ff1e2e9c64432a690,127.0.0.1,9300,11385.8315604,11386.0385707,1781627872.3824272,1781627872.3904295,0.008002281188964844,,0,network_transfer,
1,C3,KGC,C3->KGC,UpMsg,1,3,,2108816,0.019627699999546167,http,94fc8d8caad1bf0a16d97d3f97ef5baa5d7f11ad77411b87131de98326f60767,127.0.0.1,9200,11385.8916075,11385.9112352,1781627872.2562578,1781627872.2630315,0.006773710250854492,,0,network_transfer,
1,C2,CS,C2->CS,UpMsg,1,2,,2108806,0.2188611999990826,http,7a3addb9b9e9917f81abe3814d5ab04ed6a8d1e2376efc98dd83fe75260f2f3e,127.0.0.1,9300,11385.9760224,11386.1948836,1781627872.5343835,1781627872.5471501,0.012766599655151367,,0,network_transfer,
1,C5,KGC,C5->KGC,UpMsg,1,5,,2108936,0.030135900000459515,http,34bf653515b1ea7ff626db97007e3138d106354de278b21ff1e2e9c64432a690,127.0.0.1,9200,11386.0769012,11386.1070371,1781627872.4521606,1781627872.459155,0.006994485855102539,,0,network_transfer,
1,C2,KGC,C2->KGC,UpMsg,1,2,,2108806,0.046512999999322346,http,7a3addb9b9e9917f81abe3814d5ab04ed6a8d1e2376efc98dd83fe75260f2f3e,127.0.0.1,9200,11386.2236513,11386.2701643,1781627872.6138425,1781627872.6228068,0.008964300155639648,,0,network_transfer,
1,CS,KGC,CS->KGC,VerifyUploadsReq,1,,,7,0.28820099999938975,http,b244c53fcd627a24c82563c4a800c51a4246ec9efbb0e6b6d22dab146d7ff3d5,127.0.0.1,9200,11386.2740976,11386.5622986,1781627872.6480758,1781627872.8187044,0.17062854766845703,,1,end_to_end_with_processing,KGC verifies upload signatures and builds rootUp
1,CS,KGC,CS->KGC,CompensationReq,1,,,7,0.026189899999735644,http,b244c53fcd627a24c82563c4a800c51a4246ec9efbb0e6b6d22dab146d7ff3d5,127.0.0.1,9200,11386.5641619,11386.5903518,1781627872.9408398,1781627872.941856,0.0010161399841308594,,1,end_to_end_with_processing,KGC computes dropout compensation; includes computation time
1,CS,C1,CS->C1,AggMsg,1,1,,2108521,0.05044369999995979,http,ddcfbc287cee1511f1090e6e7a1ba0303b97519d9d86e24846c76613d8675628,127.0.0.1,9401,11386.8107462,11386.8611899,1781627873.1855085,1781627873.213824,0.02831554412841797,,0,network_transfer,
1,C1,CS,C1->CS,ShareMsg,1,1,,514,0.02202669999860518,http,6c9bc316ffdb3d3ba13d961ef2e1bfac5142b107309983586571e0f3185fcaad,127.0.0.1,9300,11386.8378272,11386.8598539,1781627873.2118099,1781627873.2118099,0.0,,0,network_transfer,
1,CS,C2,CS->C2,AggMsg,1,2,,2108521,0.0504542999988189,http,b25a79ed6e6277980e2140a277682d99a6351086eb398ac161953040832ca0fb,127.0.0.1,9402,11386.8820873,11386.9325416,1781627873.2606332,1781627873.285437,0.024803876876831055,,0,network_transfer,
1,C2,CS,C2->CS,ShareMsg,1,2,,514,0.018205300000772695,http,7da3e3ec01e1bf38b6cbb6e6181ce9ca02d749ee99e71e09d9bb9c2177f10a09,127.0.0.1,9300,11386.9131416,11386.9313469,1781627873.2833924,1781627873.2844148,0.0010223388671875,,0,network_transfer,
1,CS,C3,CS->C3,AggMsg,1,3,,2108521,0.05512970000017958,http,ee171dc63c9c71cba076a8df047988ea370e0fdc35aad2b0e9aacab95c0cd8d6,127.0.0.1,9403,11386.9531845,11387.0083142,1781627873.3369703,1781627873.3603542,0.02338385581970215,,0,network_transfer,
1,C3,CS,C3->CS,ShareMsg,1,3,,516,0.017663600001469604,http,6f7988d93ef0df8870a7b4a15382def5729c1f05042b159ffcdaad8402a5b94d,127.0.0.1,9300,11386.98909,11387.0067536,1781627873.3583424,1781627873.359375,0.0010325908660888672,,0,network_transfer,
1,CS,C4,CS->C4,AggMsg,1,4,,2108521,0.057946400000219,http,b2739692992586063aa2bae59ccc8c8d3a48c293c975a3772c8fa3c95ce2a351,127.0.0.1,9404,11387.0287861,11387.0867325,1781627873.411579,1781627873.4378905,0.026311635971069336,,0,network_transfer,
1,C4,CS,C4->CS,ShareMsg,1,4,,514,0.021907199999986915,http,6a0f504d642e4bff870a7a8d2569e26005f863aaaa4d69891388d43729bf343d,127.0.0.1,9300,11387.063444,11387.0853512,1781627873.4362907,1781627873.4378905,0.0015997886657714844,,0,network_transfer,
1,CS,C5,CS->C5,AggMsg,1,5,,2108521,0.05457569999998668,http,05b0ef714177e0d543bbd1600201276dc92ed10f78443419ca28bf94859177e3,127.0.0.1,9405,11387.1066429,11387.1612186,1781627873.4838667,1781627873.5136535,0.02978682518005371,,0,network_transfer,
1,C5,CS,C5->CS,ShareMsg,1,5,,513,0.02376189999995404,http,5a0b9575a79edca651440204ee22c23c110178ff6779499554888b8a4bbff51d,127.0.0.1,9300,11387.1354224,11387.1591843,1781627873.5101674,1781627873.511651,0.0014836788177490234,,0,network_transfer,
1,CS,KGC,CS->KGC,ModelMsg,1,,,77935,0.5463218000004417,http,b3c343c103e7c38a57c139d49168eb8f5e860d6ccb6c6b95d5c1621eb6999063,127.0.0.1,9200,11400.8214463,11401.3677681,1781627887.2050161,1781627887.7199936,0.5149774551391602,,1,end_to_end_with_processing,"KGC verifies final model, builds FinalTx, and may submit blockchain transaction"
1,CS,C1,CS->C1,ModelBroadcast,1,1,,78388,0.014967899998737266,http,af69a3acde0171fee664d848e897f5e2ff9de61d1685fa62c8315b81b84c44f4,127.0.0.1,9401,11401.3700074,11401.3849753,1781627887.725006,1781627887.7370086,0.01200246810913086,,0,network_transfer,
1,CS,C2,CS->C2,ModelBroadcast,1,2,,78388,0.015248399999109097,http,a799a705cda2d3569647091b5c7f872cccaba2d147c0ba0f64b811428b074cad,127.0.0.1,9402,11401.3871405,11401.4023889,1781627887.7419693,1781627887.7548087,0.012839317321777344,,0,network_transfer,
1,CS,C3,CS->C3,ModelBroadcast,1,3,,78388,0.01601440000013099,http,841b112326abd8eb5544439dd5398bf7c394af5ba980485b8891f1a7505051cf,127.0.0.1,9403,11401.4049247,11401.4209391,1781627887.7598891,1781627887.7731965,0.013307332992553711,,0,network_transfer,
1,CS,C4,CS->C4,ModelBroadcast,1,4,,78388,0.014593299998523435,http,7e334856de5290491237f2ec6419fbcc4b8e3951547f7e0f0ab9b8c5c7a32068,127.0.0.1,9404,11401.4233729,11401.4379662,1781627887.7782276,1781627887.7906835,0.012455940246582031,,0,network_transfer,
1,CS,C5,CS->C5,ModelBroadcast,1,5,,78388,0.01453880000008212,http,705dd225fec6d05f6c1f63ae40af77e5473d618bd4c527ae2cae0a2cd0671694,127.0.0.1,9405,11401.4407912,11401.45533,1781627887.7935019,1781627887.8028133,0.009311437606811523,,0,network_transfer,
2,CS,KGC,CS->KGC,RoundInitReq,1,,,326,0.16306580000127724,http,ae9426d81ba2e27f61b1d251d6dc477dedb9267edacc4fdccef14e18144b73ee,127.0.0.1,9200,11401.5551836,11401.7182494,1781627887.9270344,1781627888.0702562,0.14322185516357422,,0,network_transfer,
2,KGC,C1,KGC->C1,MaskMsg,1,1,,22914,0.029898900000262074,http,2336143b2234127a12869f5eadbb0c8349402b4ba1baa911674f06c93a873f9e,127.0.0.1,9401,11401.5950496,11401.6249485,1781627887.9723153,1781627887.9771714,0.004856109619140625,,0,network_transfer,
2,KGC,C2,KGC->C2,MaskMsg,1,2,,22978,0.020896299998639734,http,e87735f46477110f7a387581654bece749505961a413f5f3bf74747e21d628ff,127.0.0.1,9402,11401.6323771,11401.6532734,1781627888.000996,1781627888.0061235,0.005127429962158203,,0,network_transfer,
2,KGC,C3,KGC->C3,MaskMsg,1,3,,23030,0.025331000000733184,http,736e9d3133905c0cbe3ca190f06731655347232e654c4a7e782b2ce1bafb7dcd,127.0.0.1,9403,11401.6608526,11401.6861836,1781627888.0336304,1781627888.038794,0.005163669586181641,,0,network_transfer,
2,KGC,C4,KGC->C4,MaskMsg,1,4,,23026,0.007599999999001739,http,ca6bda44a3d4904d0a69e3637173ba8dfe2e224f5089a386b9200cbe95350393,127.0.0.1,9404,11401.6939332,11401.7015332,1781627888.0484607,1781627888.0534618,0.005001068115234375,,0,network_transfer,
2,KGC,C5,KGC->C5,MaskMsg,1,5,,24154,0.007011100000454462,http,b7e3d2068d3cd7b07a2b42deb21af9e05a84237a2eab038cadf182cf0869b6ca,127.0.0.1,9405,11401.7096711,11401.7166822,1781627888.0647519,1781627888.0687351,0.003983259201049805,,0,network_transfer,
2,CS,C1,CS->C1,TrainUploadReq,1,1,,194,34.05635760000041,http,cf418e81068e6d844c48eb5caae4d48db41e59237d0a50d0a8f12e5cc8ff7dec,127.0.0.1,9401,11401.7207341,11435.7770917,1781627888.0766277,1781627922.1288795,34.0522518157959,,1,end_to_end_with_processing,"TrainUploadReq includes client-side sync check, local training, encryption, commitment, and UpMsg sends"
2,CS,C2,CS->C2,TrainUploadReq,1,2,,194,34.23645300000135,http,7bd3f97214e5b584effa3bb2f76c39539fa2f4820de0f9535a8ffe7f638d460b,127.0.0.1,9402,11401.7212778,11435.9577308,1781627888.0766277,1781627922.3086991,34.23207139968872,,1,end_to_end_with_processing,"TrainUploadReq includes client-side sync check, local training, encryption, commitment, and UpMsg sends"
2,CS,C3,CS->C3,TrainUploadReq,1,3,,194,33.97675420000087,http,f3c43d35ae8578d8e1087c1e65146f80f7158095ebbc3a88beb06aea3ab7c552,127.0.0.1,9403,11401.7222742,11435.6990284,1781627888.078633,1781627922.0509589,33.972325801849365,,1,end_to_end_with_processing,"TrainUploadReq includes client-side sync check, local training, encryption, commitment, and UpMsg sends"
2,CS,C4,CS->C4,TrainUploadReq,1,4,,194,34.18195910000031,http,4f9e5119dd42b909e2fc2db5022d0a8b8919af052273a3dd2b275bc7ab109699,127.0.0.1,9404,11401.7228414,11435.9048005,1781627888.078633,1781627922.2473516,34.168718576431274,,1,end_to_end_with_processing,"TrainUploadReq includes client-side sync check, local training, encryption, commitment, and UpMsg sends"
2,CS,C5,CS->C5,TrainUploadReq,1,5,,194,34.344931200001156,http,691dd0248c9c7375c29d0c759bad6025d67104cbe139e4d67dcda5e9d615effe,127.0.0.1,9405,11401.7236158,11436.068547,1781627888.078633,1781627922.4205916,34.34195852279663,,1,end_to_end_with_processing,"TrainUploadReq includes client-side sync check, local training, encryption, commitment, and UpMsg sends"
2,C3,CS,C3->CS,UpMsg,1,3,,2108859,0.03250569999909203,http,e7f79cbfa045bd775c0fd04b1a76e1d64af25aee3f394b810c7cea285f45339f,127.0.0.1,9300,11435.5904436,11435.6229493,1781627921.9669585,1781627921.9751282,0.00816965103149414,,0,network_transfer,
2,C3,KGC,C3->KGC,UpMsg,1,3,,2108859,0.032688299999790615,http,e7f79cbfa045bd775c0fd04b1a76e1d64af25aee3f394b810c7cea285f45339f,127.0.0.1,9200,11435.6630436,11435.6957319,1781627922.0373266,1781627922.0470912,0.009764671325683594,,0,network_transfer,
2,C1,CS,C1->CS,UpMsg,1,1,,2108830,0.039388000001054024,http,d2d06814571f09bfb24ec8fd289af354938d2fc59f1d35e894f6cfc19e03d119,127.0.0.1,9300,11435.6730345,11435.7124225,1781627922.0567555,1781627922.064767,0.008011341094970703,,0,network_transfer,
2,C4,CS,C4->CS,UpMsg,1,4,,2108676,0.05747259999952803,http,839bbe3e13422d3888e326f9b6dfaa031a72d1b97a9f2a818398fe89badb03e9,127.0.0.1,9300,11435.74438,11435.8018526,1781627922.144915,1781627922.1547043,0.009789228439331055,,0,network_transfer,
2,C1,KGC,C1->KGC,UpMsg,1,1,,2108830,0.0265294000000722,http,d2d06814571f09bfb24ec8fd289af354938d2fc59f1d35e894f6cfc19e03d119,127.0.0.1,9200,11435.7473524,11435.7738818,1781627922.112911,1781627922.1258745,0.012963533401489258,,0,network_transfer,
2,C4,KGC,C4->KGC,UpMsg,1,4,,2108676,0.04833169999983511,http,839bbe3e13422d3888e326f9b6dfaa031a72d1b97a9f2a818398fe89badb03e9,127.0.0.1,9200,11435.8469714,11435.8953031,1781627922.2372308,1781627922.2473516,0.010120868682861328,,0,network_transfer,
2,C2,CS,C2->CS,UpMsg,1,2,,2108796,0.039872199999081204,http,ea603964f24367d839e19092c1c316e4d52490ef1ce292686e0f8e2f34a0dc1a,127.0.0.1,9300,11435.866001,11435.9058732,1781627922.2473516,1781627922.2580142,0.010662555694580078,,0,network_transfer,
2,C2,KGC,C2->KGC,UpMsg,1,2,,2108796,0.018553300000348827,http,ea603964f24367d839e19092c1c316e4d52490ef1ce292686e0f8e2f34a0dc1a,127.0.0.1,9200,11435.9363804,11435.9549337,1781627922.3002205,1781627922.3076913,0.007470846176147461,,0,network_transfer,
2,C5,CS,C5->CS,UpMsg,1,5,,2108763,0.017602299998543458,http,f426e0e2df10707fe7ab31d0fa8fcbdf048899691bec18dc03c1ec46e4995a99,127.0.0.1,9300,11435.9780666,11435.9956689,1781627922.3372416,1781627922.3471112,0.009869575500488281,,0,network_transfer,
2,C5,KGC,C5->KGC,UpMsg,1,5,,2108763,0.03847760000098788,http,f426e0e2df10707fe7ab31d0fa8fcbdf048899691bec18dc03c1ec46e4995a99,127.0.0.1,9200,11436.0276339,11436.0661115,1781627922.4122376,1781627922.4173484,0.005110740661621094,,0,network_transfer,
2,CS,KGC,CS->KGC,VerifyUploadsReq,1,,,7,0.2983730000014475,http,ec536b417462bb658a4b0202b8f04e538bdec7b849e0c55d92fd1df6844b552a,127.0.0.1,9200,11436.0699813,11436.3683543,1781627922.4351485,1781627922.6148918,0.17974328994750977,,1,end_to_end_with_processing,KGC verifies upload signatures and builds rootUp
2,CS,KGC,CS->KGC,CompensationReq,1,,,7,0.02384420000089449,http,ec536b417462bb658a4b0202b8f04e538bdec7b849e0c55d92fd1df6844b552a,127.0.0.1,9200,11436.371813,11436.3956572,1781627922.7455983,1781627922.747857,0.002258777618408203,,1,end_to_end_with_processing,KGC computes dropout compensation; includes computation time
2,CS,C1,CS->C1,AggMsg,1,1,,2108432,0.04366969999864523,http,982ab2dc82171fe1d42da012ef2f1a2497aaedb62ccc89ca3bb1f21c7853172b,127.0.0.1,9401,11436.6219796,11436.6656493,1781627922.9935722,1781627923.018006,0.02443385124206543,,0,network_transfer,
2,C1,CS,C1->CS,ShareMsg,1,1,,512,0.01839290000134497,http,f6cf49de8fb384ef161ac736154c830ea2b66f93875575df38d4f34f39944e8d,127.0.0.1,9300,11436.6459007,11436.6642936,1781627923.0159914,1781627923.0170655,0.001074075698852539,,0,network_transfer,
2,CS,C2,CS->C2,AggMsg,1,2,,2108432,0.06950209999922663,http,32d7e89faf3a10971e93dd63155f1ba2ec1fd7cfa175cb3ce0894d1e2c03d683,127.0.0.1,9402,11436.6879179,11436.75742,1781627923.0828657,1781627923.1095343,0.026668548583984375,,0,network_transfer,
2,C2,CS,C2->CS,ShareMsg,1,2,,514,0.02148049999959767,http,968b3429371656dbd6d6b73e911ffa91ac90b58407fafa2e2b69893c47605ebf,127.0.0.1,9300,11436.7343683,11436.7558488,1781627923.1077857,1781627923.1077857,0.0,,0,network_transfer,
2,CS,C3,CS->C3,AggMsg,1,3,,2108432,0.05192910000005213,http,0788ce5bc22d9d6f4e2085a0f4d84e89cdb80d424d912784a169a083aeae65b0,127.0.0.1,9403,11436.7794173,11436.8313464,1781627923.160807,1781627923.1841435,0.02333664894104004,,0,network_transfer,
2,C3,CS,C3->CS,ShareMsg,1,3,,512,0.015822100000150385,http,05e9fbdafdcb6d2db5d5ccbaf8044c84fa10ee30b214fbff6f381be10947cee4,127.0.0.1,9300,11436.8138798,11436.8297019,1781627923.1811306,1781627923.1822171,0.0010864734649658203,,0,network_transfer,
2,CS,C4,CS->C4,AggMsg,1,4,,2108432,0.06751480000093579,http,889130ba9066d4636b11805dbe55225d80f3d3adb8c5188976977385cd6d4cb7,127.0.0.1,9404,11436.8520046,11436.9195194,1781627923.2475612,1781627923.270293,0.022731781005859375,,0,network_transfer,
2,C4,CS,C4->CS,ShareMsg,1,4,,512,0.017489199999545235,http,40dc8885f007d8445284ae691f8e91a7c6c010fc6847f5a697016574a850f3f4,127.0.0.1,9300,11436.9006009,11436.9180901,1781627923.270293,1781627923.270293,0.0,,0,network_transfer,
2,CS,C5,CS->C5,AggMsg,1,5,,2108432,0.05304009999963455,http,d2376372011e56593068d7e50996ab45ec7aad3a4773479c937bbf135ad52414,127.0.0.1,9405,11436.9393901,11436.9924302,1781627923.320472,1781627923.3451705,0.024698495864868164,,0,network_transfer,
2,C5,CS,C5->CS,ShareMsg,1,5,,513,0.019015400001080707,http,c0f52271b063e5f1ad352f19406093d0415b9df6d81d9ef4a8e7ea329b05089c,127.0.0.1,9300,11436.9720059,11436.9910213,1781627923.3429081,1781627923.3429081,0.0,,0,network_transfer,
2,CS,KGC,CS->KGC,ModelMsg,1,,,77935,0.6001847999996244,http,9fe7b4079153f8af909fc90062b3d44696f36bcfa86bc009f3ad47af12a7d761,127.0.0.1,9200,11450.9925771,11451.5927619,1781627937.3760827,1781627937.9447846,0.568701982498169,,1,end_to_end_with_processing,"KGC verifies final model, builds FinalTx, and may submit blockchain transaction"
2,CS,C1,CS->C1,ModelBroadcast,1,1,,78388,0.0403468000004068,http,dab136499b7dc894df8d4c63223dcd0642e15dfc917ab6fb3c44c2c521a43ff7,127.0.0.1,9401,11451.5950393,11451.6353861,1781627937.9744675,1781627937.985226,0.010758399963378906,,0,network_transfer,
2,CS,C2,CS->C2,ModelBroadcast,1,2,,78388,0.027716599999621394,http,efa97c96b9b40ecceb4eff93f1c29cda56c15041d1a8ae4d6dd8b32807650ab5,127.0.0.1,9402,11451.6377103,11451.6654269,1781627938.005569,1781627938.0175948,0.012025833129882812,,0,network_transfer,
2,CS,C3,CS->C3,ModelBroadcast,1,3,,78388,0.028082400000130292,http,d3fc79fa25650bad41bb89e9fbf15c3246e8f8ec3d0c7bbc0407436b23420a49,127.0.0.1,9403,11451.6681362,11451.6962186,1781627938.0339396,1781627938.0479774,0.014037847518920898,,0,network_transfer,
2,CS,C4,CS->C4,ModelBroadcast,1,4,,78388,0.02470019999964279,http,ada4b4e6aeb54f64674998c1f43b87c53b41941551294cb88b52653a8ca6dbfa,127.0.0.1,9404,11451.6986014,11451.7233016,1781627938.0630171,1781627938.075848,0.012830972671508789,,0,network_transfer,
2,CS,C5,CS->C5,ModelBroadcast,1,5,,78388,0.029530499999964377,http,37641961f607be72e26b7f47ed9fd2ab3e35c5c4b829b24a5a4095342052daa4,127.0.0.1,9405,11451.7256672,11451.7551977,1781627938.0947318,1781627938.1076732,0.012941360473632812,,0,network_transfer,
3,CS,KGC,CS->KGC,RoundInitReq,1,,,326,0.16837289999966742,http,ca6e210e6d939583aba7980c88173dd1aa9a3d306a352182828892df547138ad,127.0.0.1,9200,11451.8442169,11452.0125898,1781627938.2128463,1781627938.3654613,0.15261507034301758,,0,network_transfer,
3,KGC,C1,KGC->C1,MaskMsg,1,1,,22988,0.019863399998939713,http,d4ce748a87624ff288063458d7241741fc301f050efee1a2de5edeef2f3cb424,127.0.0.1,9401,11451.8807192,11451.9005826,1781627938.2451649,1781627938.2532084,0.008043527603149414,,0,network_transfer,
3,KGC,C2,KGC->C2,MaskMsg,1,2,,22978,0.018856900000173482,http,4a7e25183bc1a3d9dbc40065bb541a4f3df7c5da25c3f7eaa641937068ea2905,127.0.0.1,9402,11451.9084751,11451.927332,1781627938.27483,1781627938.280025,0.005194902420043945,,0,network_transfer,
3,KGC,C3,KGC->C3,MaskMsg,1,3,,23002,0.020271899998988374,http,d8f76c26f996b6213278a5fdbaa3952e34265fc4f955abd1fd81b01f14bf4ca1,127.0.0.1,9403,11451.9349822,11451.9552541,1781627938.3026645,1781627938.305386,0.002721548080444336,,0,network_transfer,
3,KGC,C4,KGC->C4,MaskMsg,1,4,,22935,0.020984799999496317,http,f79f6684c9345225cb2be904b09dbeea4a78200fdcd0026689de64bb94d3e4ba,127.0.0.1,9404,11451.9629936,11451.9839784,1781627938.3312716,1781627938.3340485,0.0027768611907958984,,0,network_transfer,
3,KGC,C5,KGC->C5,MaskMsg,1,5,,24010,0.01937470000120811,http,9a4ea4b90612830bee26ee1f6252656ec71b695cf6d0d7816b87b227f98a521e,127.0.0.1,9405,11451.9917935,11452.0111682,1781627938.358795,1781627938.363494,0.004698991775512695,,0,network_transfer,
3,CS,C1,CS->C1,TrainUploadReq,1,1,,194,30.614038899999287,http,78811c12fc841e7d6a5a971b228da97c2b31e861a95632da9290b92722f687e6,127.0.0.1,9401,11452.0136394,11482.6276783,1781627938.3683887,1781627968.9799907,30.611602067947388,,1,end_to_end_with_processing,"TrainUploadReq includes client-side sync check, local training, encryption, commitment, and UpMsg sends"
3,CS,C3,CS->C3,TrainUploadReq,1,3,,194,30.72688030000063,http,124c011cd49a7e7ae98cccbfa61d84c615998aa2a0b210c29724516ccc9105a1,127.0.0.1,9403,11452.0142463,11482.7411266,1781627938.3683887,1781627969.0936723,30.7252836227417,,1,end_to_end_with_processing,"TrainUploadReq includes client-side sync check, local training, encryption, commitment, and UpMsg sends"
3,CS,C4,CS->C4,TrainUploadReq,1,4,,194,30.64003589999993,http,d30ce523cd912d697ffd99c4198deb2e88fa63dbe9c005054192fa6d9c6090a8,127.0.0.1,9404,11452.0150619,11482.6550978,1781627938.3683887,1781627969.005302,30.636913299560547,,1,end_to_end_with_processing,"TrainUploadReq includes client-side sync check, local training, encryption, commitment, and UpMsg sends"
3,CS,C5,CS->C5,TrainUploadReq,1,5,,194,30.923819900001035,http,68d4cf3cc88a61d9b987735bb8ebbc1badfb11402bceff7e18fe412efdee9588,127.0.0.1,9405,11452.0157695,11482.9395894,1781627938.3683887,1781627969.2920382,30.923649549484253,,1,end_to_end_with_processing,"TrainUploadReq includes client-side sync check, local training, encryption, commitment, and UpMsg sends"
3,C1,CS,C1->CS,UpMsg,1,1,,2108820,0.03183970000100089,http,6de8ab4848f8157b4663c443dfe1822bcc5cb471c008539e05e85d8f699967b2,127.0.0.1,9300,11482.5022751,11482.5341148,1781627968.8766656,1781627968.8866796,0.010014057159423828,,0,network_transfer,
3,C4,CS,C4->CS,UpMsg,1,4,,2108774,0.024019499998757965,http,2526f37585a8801c5879af89a7b2fb7f30547beb8b717b0e53f0e73487a73265,127.0.0.1,9300,11482.5535161,11482.5775356,1781627968.921394,1781627968.9288826,0.0074884891510009766,,0,network_transfer,
3,C1,KGC,C1->KGC,UpMsg,1,1,,2108820,0.058997600001021056,http,6de8ab4848f8157b4663c443dfe1822bcc5cb471c008539e05e85d8f699967b2,127.0.0.1,9200,11482.5656155,11482.6246131,1781627968.9671154,1781627968.977167,0.010051488876342773,,0,network_transfer,
3,C4,KGC,C4->KGC,UpMsg,1,4,,2108774,0.04396670000096492,http,2526f37585a8801c5879af89a7b2fb7f30547beb8b717b0e53f0e73487a73265,127.0.0.1,9200,11482.6084139,11482.6523806,1781627968.995492,1781627969.005302,0.00980997085571289,,0,network_transfer,
3,C3,CS,C3->CS,UpMsg,1,3,,2108858,0.03590700000131619,http,58850b311d4702c0dc42cd1486ed17a075571aeac603ffa2739dd2a4b9a3dce3,127.0.0.1,9300,11482.6560521,11482.6919591,1781627969.0335236,1781627969.04464,0.011116504669189453,,0,network_transfer,
3,C3,KGC,C3->KGC,UpMsg,1,3,,2108858,0.0171448999990389,http,58850b311d4702c0dc42cd1486ed17a075571aeac603ffa2739dd2a4b9a3dce3,127.0.0.1,9200,11482.7213881,11482.738533,1781627969.083936,1781627969.090662,0.00672602653503418,,0,network_transfer,
3,C5,CS,C5->CS,UpMsg,1,5,,2108797,0.015838700001040706,http,3f4b44e96b3be493ea53537846176fd8171edeaf5c53efc3c077fd121b058322,127.0.0.1,9300,11482.8741215,11482.8899602,1781627969.2358162,1781627969.238985,0.003168821334838867,,0,network_transfer,
3,C5,KGC,C5->KGC,UpMsg,1,5,,2108797,0.020351900000605383,http,3f4b44e96b3be493ea53537846176fd8171edeaf5c53efc3c077fd121b058322,127.0.0.1,9200,11482.9168646,11482.9372165,1781627969.2840726,1781627969.2900813,0.006008625030517578,,0,network_transfer,
3,CS,KGC,CS->KGC,VerifyUploadsReq,1,,,7,0.23133400000006077,http,e26b7162aedea5bae9eaa444459f5993410839d9938d125f04af289584490971,127.0.0.1,9200,11482.9409526,11483.1722866,1781627969.3077545,1781627969.4451988,0.13744425773620605,,1,end_to_end_with_processing,KGC verifies upload signatures and builds rootUp
3,CS,KGC,CS->KGC,CompensationReq,1,,,7,17.953910899999755,http,e26b7162aedea5bae9eaa444459f5993410839d9938d125f04af289584490971,127.0.0.1,9200,11483.1762396,11501.1301505,1781627969.5493555,1781627987.4635255,17.914170026779175,,1,end_to_end_with_processing,KGC computes dropout compensation; includes computation time
3,CS,C1,CS->C1,AggMsg,1,1,,2108480,0.05683760000101756,http,a4d258b9c8691d6a2eb69fa51d3f58f4c5e3f5980ca1581776a63d83d6bd579c,127.0.0.1,9401,11501.3405787,11501.3974163,1781627987.7217011,1781627987.7499313,0.02823019027709961,,0,network_transfer,
3,C1,CS,C1->CS,ShareMsg,1,1,,514,0.02176070000132313,http,ba4e9016098372f2195524e0fac839847e6720773e82353cca80433cc6d49010,127.0.0.1,9300,11501.3742336,11501.3959943,1781627987.747886,1781627987.7489166,0.0010306835174560547,,0,network_transfer,
3,CS,C3,CS->C3,AggMsg,1,3,,2108480,0.04265510000004724,http,9041c775dd3f66efacabd29cdc4d38da8e002df1202dc1e2031c2ec6a5b821ce,127.0.0.1,9403,11501.4174292,11501.4600843,1781627987.7874503,1781627987.8127584,0.02530813217163086,,0,network_transfer,
3,C3,CS,C3->CS,ShareMsg,1,3,,512,0.020018200000777142,http,111260e9a8d284d8cddbe1b68eb4776658db93729b235d427756b4800c6fe997,127.0.0.1,9300,11501.4387195,11501.4587377,1781627987.8105478,1781627987.8117173,0.001169443130493164,,0,network_transfer,
3,CS,C4,CS->C4,AggMsg,1,4,,2108480,0.0510697000008804,http,ed2701c1922b58b50d15d83ac1af69ec745a59feae7f61fcde45e8e9d4770d09,127.0.0.1,9404,11501.4800695,11501.5311392,1781627987.8590512,1781627987.8812976,0.022246360778808594,,0,network_transfer,
3,C4,CS,C4->CS,ShareMsg,1,4,,514,0.018652400000064517,http,e8af8567a79a42bc4f8bd2b0b2b76f7e311440003ceb75de4ec1611f313492f8,127.0.0.1,9300,11501.511008,11501.5296604,1781627987.8812976,1781627987.8812976,0.0,,0,network_transfer,
3,CS,C5,CS->C5,AggMsg,1,5,,2108480,0.051124800000252435,http,8d6152e4d3d85c4d696e7c01fc2874039e170c4aa458043323a2af3a1f5d2308,127.0.0.1,9405,11501.5520304,11501.6031552,1781627987.929857,1781627987.9535453,0.023688316345214844,,0,network_transfer,
3,C5,CS,C5->CS,ShareMsg,1,5,,513,0.020075599999472615,http,aa1e43a68f98af723a26eca619725bf22d342d07f37f143156368793ecb13f35,127.0.0.1,9300,11501.5816768,11501.6017524,1781627987.9535453,1781627987.9535453,0.0,,0,network_transfer,
3,CS,KGC,CS->KGC,ModelMsg,1,,,77934,0.5758387999994738,http,0c4280d477a87358715362f67e95442cca811d0fd6ec7797e5f95ca9be1e3a98,127.0.0.1,9200,11514.7219771,11515.2978159,1781628001.0934591,1781628001.6503875,0.5569283962249756,,1,end_to_end_with_processing,"KGC verifies final model, builds FinalTx, and may submit blockchain transaction"
3,CS,C1,CS->C1,ModelBroadcast,1,1,,78386,0.014708599999721628,http,0f425f4f2db7ea971920d79ca2fa09f89d82835619d406d81446b675fd6a1858,127.0.0.1,9401,11515.3000603,11515.3147689,1781628001.6543887,1781628001.6673882,0.012999534606933594,,0,network_transfer,
3,CS,C3,CS->C3,ModelBroadcast,1,3,,78386,0.04051170000093407,http,6979520cbc0d92e2ce8e6b576b2454632513fc82575bb7817414027b8358754d,127.0.0.1,9403,11515.3170528,11515.3575645,1781628001.6960034,1781628001.7096012,0.013597726821899414,,0,network_transfer,
3,CS,C4,CS->C4,ModelBroadcast,1,4,,78386,0.015218999998978688,http,e03f1d2de9c7b891e9a82a55e2b44d2831a679be4f964d132efad353310bd4d0,127.0.0.1,9404,11515.3600399,11515.3752589,1781628001.714603,1781628001.7276192,0.013016223907470703,,0,network_transfer,
3,CS,C5,CS->C5,ModelBroadcast,1,5,,78386,0.02466459999959625,http,6b6f83860a440bea06b1250e5c546438bdf4c7a06b737cb3c3978427f1e55b04,127.0.0.1,9405,11515.3774938,11515.4021584,1781628001.7421498,1781628001.754199,0.012049198150634766,,0,network_transfer,
4,CS,KGC,CS->KGC,RoundInitReq,1,,,326,0.17187840000042343,http,825d2c17873ce1ffecdeb22a18164eaea40ea9a960a5af91c96eee29e338d01f,127.0.0.1,9200,11515.4915867,11515.6634651,1781628001.8461769,1781628002.0164626,0.17028570175170898,,0,network_transfer,
4,KGC,C1,KGC->C1,MaskMsg,1,1,,22927,0.027575699999943026,http,9d115d64e452e674a6063ac3fe699929bd6927ec41b2cadd11e623c91380d2f0,127.0.0.1,9401,11515.5146666,11515.5422423,1781628001.8876743,1781628001.894929,0.007254600524902344,,0,network_transfer,
4,KGC,C2,KGC->C2,MaskMsg,1,2,,22958,0.029180600000472623,http,5deb47f87a213d555aafd4d595afb73e7d11382e2f4cae1f566ec72081136596,127.0.0.1,9402,11515.5521022,11515.5812828,1781628001.9277587,1781628001.9302542,0.0024955272674560547,,0,network_transfer,
4,KGC,C3,KGC->C3,MaskMsg,1,3,,22929,0.022137100000691134,http,6ba810e92145741ac7aac0783d53f5c747f01ea58b5b6d1edb006e7abf1c403c,127.0.0.1,9403,11515.5903539,11515.612491,1781628001.9596808,1781628001.9647987,0.005117893218994141,,0,network_transfer,
4,KGC,C4,KGC->C4,MaskMsg,1,4,,22920,0.021473299999343,http,aec3ae460c84ec28accc33841161ba23694489d59f2d1e516e42c5e3af55be4f,127.0.0.1,9404,11515.6231711,11515.6446444,1781628001.9910665,1781628001.9951065,0.0040400028228759766,,0,network_transfer,
4,KGC,C5,KGC->C5,MaskMsg,1,5,,24059,0.008760200000324403,http,bb615af5dbecfdc57d4011adfac82c07e867e04aace70f8de84daf86042d0846,127.0.0.1,9405,11515.6530196,11515.6617798,1781628002.0074615,1781628002.0144975,0.007035970687866211,,0,network_transfer,
4,CS,C1,CS->C1,TrainUploadReq,1,1,,194,39.29419290000078,http,a36abf428aab4f01d3440787d578780a925a7b864b12ee823e174d0dfe5c09ab,127.0.0.1,9401,11515.6644232,11554.9586161,1781628002.0194578,1781628041.3109212,39.29146337509155,,1,end_to_end_with_processing,"TrainUploadReq includes client-side sync check, local training, encryption, commitment, and UpMsg sends"
4,CS,C2,CS->C2,TrainUploadReq,1,2,,194,39.31111480000072,http,f828b61802ebeba249074d4b570efbfc1bd9cf0d05606beae938f15931db30bb,127.0.0.1,9402,11515.6649329,11554.9760477,1781628002.0194578,1781628041.3282278,39.308769941329956,,1,end_to_end_with_processing,"TrainUploadReq includes client-side sync check, local training, encryption, commitment, and UpMsg sends"
4,CS,C3,CS->C3,TrainUploadReq,1,3,,194,39.135771499999464,http,1a1eff2474f49100d012d23fb41bbe8b4e21c19a0ca81c2449c8516d29bc7cdd,127.0.0.1,9403,11515.6656459,11554.8014174,1781628002.0204577,1781628041.1536376,39.133179903030396,,1,end_to_end_with_processing,"TrainUploadReq includes client-side sync check, local training, encryption, commitment, and UpMsg sends"
4,CS,C4,CS->C4,TrainUploadReq,1,4,,194,39.35101020000002,http,0ff76909145a6ad35bf428a2d052293447aa15dc3ebaef9003cf9357271b0e69,127.0.0.1,9404,11515.6663607,11555.0173709,1781628002.0224626,1781628041.3695626,39.347100019454956,,1,end_to_end_with_processing,"TrainUploadReq includes client-side sync check, local training, encryption, commitment, and UpMsg sends"
4,C2,CS,C2->CS,ModelSyncReq,1,2,,198,0.021817999999257154,http,1f43baef46536324285e56f50e4501c3f174d05ad9c13d0bffc19489c7e12e56,127.0.0.1,9300,11515.6668472,11515.6886652,1781628002.0355556,1781628002.0388453,0.0032896995544433594,,0,network_transfer,
4,CS,C2,CS->C2,ModelSyncResp,1,2,,77779,0.021817999999257154,http,01140ab09fc7cca1aeab9a865e2f7495d6fe98f646682315417e3d9c1326082d,,,11515.6668472,11515.6886652,1781628002.0355556,1781628002.0388453,0.0032896995544433594,,0,network_transfer,
4,CS,C5,CS->C5,TrainUploadReq,1,5,,194,39.68891840000106,http,4188574050124aafa4d2967af42f8254b4b3296c3ea606b173ed19eedfc25287,127.0.0.1,9405,11515.6672074,11555.3561258,1781628002.0224626,1781628041.7085197,39.68605709075928,,1,end_to_end_with_processing,"TrainUploadReq includes client-side sync check, local training, encryption, commitment, and UpMsg sends"
4,C3,CS,C3->CS,UpMsg,1,3,,2108750,0.07546240000010584,http,73fcc5d4e1b879830256808004834c3e6f0c4873c4bf96ed7d0c3d2cf21e0a5c,127.0.0.1,9300,11554.6533441,11554.7288065,1781628041.0735097,1781628041.0805113,0.007001638412475586,,0,network_transfer,
4,C3,KGC,C3->KGC,UpMsg,1,3,,2108750,0.021278599999277503,http,73fcc5d4e1b879830256808004834c3e6f0c4873c4bf96ed7d0c3d2cf21e0a5c,127.0.0.1,9200,11554.7770586,11554.7983372,1781628041.1416337,1781628041.1506343,0.009000539779663086,,0,network_transfer,
4,C1,CS,C1->CS,UpMsg,1,1,,2108792,0.02609399999892048,http,02e78a8d0321ccb13eb7f900af0e3edcab30ac7ca2fa5cd26b0c48bb4ffca844,127.0.0.1,9300,11554.8450558,11554.8711498,1781628041.2151382,1781628041.223286,0.008147716522216797,,0,network_transfer,
4,C2,CS,C2->CS,UpMsg,1,2,,2108853,0.03069860000141489,http,e6bd4f04d4ccc54553c0af8202eb9d5c30e8edfd7f247a4c97f66929ee407d37,127.0.0.1,9300,11554.8658009,11554.8964995,1781628041.2371023,1781628041.248645,0.011542797088623047,,0,network_transfer,
4,C4,CS,C4->CS,UpMsg,1,4,,2108875,0.0335068999993382,http,88cf9deef74e0b9d3a624fb677d655c8b0846ee5132c2d6ad4f61b65c820f18d,127.0.0.1,9300,11554.9067864,11554.9402933,1781628041.2839174,1781628041.2929118,0.008994340896606445,,0,network_transfer,
4,C1,KGC,C1->KGC,UpMsg,1,1,,2108792,0.047420800001418684,http,02e78a8d0321ccb13eb7f900af0e3edcab30ac7ca2fa5cd26b0c48bb4ffca844,127.0.0.1,9200,11554.9079971,11554.9554179,1781628041.2999125,1781628041.3079126,0.00800013542175293,,0,network_transfer,
4,C2,KGC,C2->KGC,UpMsg,1,2,,2108853,0.04337959999975283,http,e6bd4f04d4ccc54553c0af8202eb9d5c30e8edfd7f247a4c97f66929ee407d37,127.0.0.1,9200,11554.9297121,11554.9730917,1781628041.3172271,1781628041.3252265,0.007999420166015625,,0,network_transfer,
4,C4,KGC,C4->KGC,UpMsg,1,4,,2108875,0.03869889999987208,http,88cf9deef74e0b9d3a624fb677d655c8b0846ee5132c2d6ad4f61b65c820f18d,127.0.0.1,9200,11554.9757446,11555.0144435,1781628041.35856,1781628041.3665638,0.008003711700439453,,0,network_transfer,
4,C5,CS,C5->CS,UpMsg,1,5,,2108813,0.03582819999974163,http,338a6a586b9a3f2d4c7d20cd49a6b4c9e67694ca3ac37515b80057f990f76898,127.0.0.1,9300,11555.2406123,11555.2764405,1781628041.6231692,1781628041.6291704,0.00600123405456543,,0,network_transfer,
4,C5,KGC,C5->KGC,UpMsg,1,5,,2108813,0.05036620000100811,http,338a6a586b9a3f2d4c7d20cd49a6b4c9e67694ca3ac37515b80057f990f76898,127.0.0.1,9200,11555.3034815,11555.3538477,1781628041.7005563,1781628041.7065551,0.005998849868774414,,0,network_transfer,
4,CS,KGC,CS->KGC,VerifyUploadsReq,1,,,7,0.2802441000003455,http,4e3d6a9210f95d69b9d73df9e142e87ce8457e9af9c56507150f5a4b119b1342,127.0.0.1,9200,11555.3576058,11555.6378499,1781628041.7262506,1781628041.8937356,0.16748499870300293,,1,end_to_end_with_processing,KGC verifies upload signatures and builds rootUp
4,CS,KGC,CS->KGC,CompensationReq,1,,,7,0.02020029999948747,http,4e3d6a9210f95d69b9d73df9e142e87ce8457e9af9c56507150f5a4b119b1342,127.0.0.1,9200,11555.6411343,11555.6613346,1781628042.0116775,1781628042.012672,0.0009944438934326172,,1,end_to_end_with_processing,KGC computes dropout compensation; includes computation time
4,CS,C1,CS->C1,AggMsg,1,1,,2108499,0.042540700000245124,http,c2779e1419bfaa0d09f97ba8c74d642a202ca0258be012eae39777323239a300,127.0.0.1,9401,11555.9061855,11555.9487262,1781628042.276772,1781628042.2992733,0.022501230239868164,,0,network_transfer,
4,C1,CS,C1->CS,ShareMsg,1,1,,512,0.017793500001062057,http,fb25362b7d66d88d6c75411710966d077ec6b7ad1b9bd65b67cabee1ee68db5c,127.0.0.1,9300,11555.9290952,11555.9468887,1781628042.2989633,1781628042.2992733,0.00030994415283203125,,0,network_transfer,
4,CS,C2,CS->C2,AggMsg,1,2,,2108499,0.05398889999923995,http,f3dfbc7e6f05351812d5220e2cd9e683fa59777a9ba119e7b9713a96caca7249,127.0.0.1,9402,11555.9716202,11556.0256091,1781628042.3509202,1781628042.3779442,0.027024030685424805,,0,network_transfer,
4,C2,CS,C2->CS,ShareMsg,1,2,,514,0.020781999999599066,http,1daa94c662be3b155fc51e9826731a60fd66f8bd798c76bb52dea5f122a9b3a7,127.0.0.1,9300,11556.0033748,11556.0241568,1781628042.3759358,1781628042.3759358,0.0,,0,network_transfer,
4,CS,C3,CS->C3,AggMsg,1,3,,2108499,0.06708620000063092,http,97908773c0ceac2e7761c727f52aea8e74539dbfe58029708f01efc1f62cf508,127.0.0.1,9403,11556.0471895,11556.1142757,1781628042.4389346,1781628042.4672048,0.028270244598388672,,0,network_transfer,
4,C3,CS,C3->CS,ShareMsg,1,3,,516,0.021761699999842676,http,6498acb096f4c2371208be5e69836f9448534577f57c3e8610c2dc5ac1136d8e,127.0.0.1,9300,11556.0910601,11556.1128218,1781628042.4641936,1781628042.465211,0.0010173320770263672,,0,network_transfer,
4,CS,C4,CS->C4,AggMsg,1,4,,2108499,0.06872020000082557,http,c2201d8ab6e1ba28cd36c1688a01df0f5986c8f30b76b1b4c5c843f533723746,127.0.0.1,9404,11556.1352897,11556.2040099,1781628042.5275307,1781628042.5568511,0.029320478439331055,,0,network_transfer,
4,C4,CS,C4->CS,ShareMsg,1,4,,514,0.023007300000244868,http,784c41f8a8de222c1fc6f3da9a37e51da31475b78e85640f5fea65c6aa6272f7,127.0.0.1,9300,11556.1797137,11556.202721,1781628042.5548513,1781628042.5548513,0.0,,0,network_transfer,
4,CS,C5,CS->C5,AggMsg,1,5,,2108499,0.04690949999894656,http,4fcd208e9547a96bfc3843ec6cd6a1f882bfa04e90860cc2dfa814bdb00bd464,127.0.0.1,9405,11556.2252236,11556.2721331,1781628042.6003606,1781628042.6225328,0.022172212600708008,,0,network_transfer,
4,C5,CS,C5->CS,ShareMsg,1,5,,511,0.018352600000071106,http,47c68e824c28ae683f2069cfe2d6a4e7193ab18167c6414a7efe8f368ea34018,127.0.0.1,9300,11556.2524942,11556.2708468,1781628042.6225328,1781628042.6225328,0.0,,0,network_transfer,
4,CS,KGC,CS->KGC,ModelMsg,1,,,77937,0.4750023999986297,http,c57695b53b0243238565ed347d03445d6f309cc1d8e7ee3f0bc792a47ed3e45a,127.0.0.1,9200,11570.9843015,11571.4593039,1781628057.3456511,1781628057.811199,0.4655478000640869,,1,end_to_end_with_processing,"KGC verifies final model, builds FinalTx, and may submit blockchain transaction"
4,CS,C1,CS->C1,ModelBroadcast,1,1,,78390,0.017627700000957702,http,e9d3620c6baa3cfc41ab71cd0e4e566899da7dab83f670f0b2378a71dec8d9f9,127.0.0.1,9401,11571.4620674,11571.4796951,1781628057.8172345,1781628057.8322384,0.01500391960144043,,0,network_transfer,
4,CS,C2,CS->C2,ModelBroadcast,1,2,,78390,0.017899999998917338,http,d2b9abd7a8facedfa969f98b4a8f6eea768a9f8ccc8ce7ded0e6a85ad6bfb746,127.0.0.1,9402,11571.4822466,11571.5001466,1781628057.8372328,1781628057.8522325,0.014999628067016602,,0,network_transfer,
4,CS,C3,CS->C3,ModelBroadcast,1,3,,78390,0.03721679999944172,http,a72a53409bb507f07cd7380ed9505b3d3c46734a69edb6fc660e0be32880e4e6,127.0.0.1,9403,11571.5028609,11571.5400777,1781628057.8770819,1781628057.8928826,0.01580071449279785,,0,network_transfer,
4,CS,C4,CS->C4,ModelBroadcast,1,4,,78390,0.027909999998882995,http,8a055a00154d91e3f197a198d8484765bef64db468a95f4e5ed91a90ab0c2470,127.0.0.1,9404,11571.5433857,11571.5712957,1781628057.9083803,1781628057.9237895,0.015409231185913086,,0,network_transfer,
4,CS,C5,CS->C5,ModelBroadcast,1,5,,78390,0.016760799999246956,http,c98d58b9f50e3c359b63bdd73a4fad923c4136c95399b15fddcdf896582c8460,127.0.0.1,9405,11571.5738043,11571.5905651,1781628057.9287384,1781628057.9427793,0.014040946960449219,,0,network_transfer,
5,CS,KGC,CS->KGC,RoundInitReq,1,,,326,0.15630310000051395,http,856cb34d7f89f49942172d2aa6ec5aa0673de6434af75e23fc71d70f51564737,127.0.0.1,9200,11571.6867996,11571.8431027,1781628058.0532284,1781628058.1952627,0.14203429222106934,,0,network_transfer,
5,KGC,C1,KGC->C1,MaskMsg,1,1,,22971,0.024955599999884726,http,7366858aa18aaa0ced881b996a896ad68a42d75cdec25f12838a00bee565d1cf,127.0.0.1,9401,11571.7230774,11571.748033,1781628058.0946088,1781628058.1006734,0.006064653396606445,,0,network_transfer,
5,KGC,C2,KGC->C2,MaskMsg,1,2,,22985,0.007326799999646028,http,90e82d7c086fee9d0a7ee00f7448165e808c14842a090405e59b412cf5aafb6c,127.0.0.1,9402,11571.7565267,11571.7638535,1781628058.11084,1781628058.1158392,0.0049991607666015625,,0,network_transfer,
5,KGC,C3,KGC->C3,MaskMsg,1,3,,23033,0.01037480000013602,http,9f11bb4de6af97a27dd4666e99ef0ed7e69f7d5149f5474141fc7b667a040eb3,127.0.0.1,9403,11571.771961,11571.7823358,1781628058.1268415,1781628058.1349578,0.00811624526977539,,0,network_transfer,
5,KGC,C4,KGC->C4,MaskMsg,1,4,,23034,0.021873600000617444,http,359e8d4d082702b4ef9be8a765c0c58887071028e5ecd46ccc466aa597ae7a15,127.0.0.1,9404,11571.790635,11571.8125086,1781628058.1576567,1781628058.1648395,0.0071828365325927734,,0,network_transfer,
5,KGC,C5,KGC->C5,MaskMsg,1,5,,23991,0.019874200001140707,http,db653eb6101bc25136483d560c1f1f684de61e522b40939eeb1dc10e7d9ad022,127.0.0.1,9405,11571.8215279,11571.8414021,1781628058.1882463,1781628058.1942947,0.006048440933227539,,0,network_transfer,
5,CS,C1,CS->C1,TrainUploadReq,1,1,,194,33.60015239999848,http,57345954e2b903ca97e53d1915ab6518976b7fca84d8be73e8caced042e72e57,127.0.0.1,9401,11571.8443951,11605.4445475,1781628058.2002585,1781628091.7919238,33.591665267944336,,1,end_to_end_with_processing,"TrainUploadReq includes client-side sync check, local training, encryption, commitment, and UpMsg sends"
5,CS,C2,CS->C2,TrainUploadReq,1,2,,194,33.40195820000008,http,59945faa258ea09367b2adb93accfd79b4899ce2ec2c59e2c5a1f038340a5dbe,127.0.0.1,9402,11571.8448094,11605.2467676,1781628058.2002585,1781628091.5989356,33.398677110672,,1,end_to_end_with_processing,"TrainUploadReq includes client-side sync check, local training, encryption, commitment, and UpMsg sends"
5,CS,C3,CS->C3,TrainUploadReq,1,3,,194,33.76527300000089,http,8db4f8c5369b0746335c6fa5f660fb20be477d8f3ddb8d6c5275564ca98f8292,127.0.0.1,9403,11571.8453595,11605.6106325,1781628058.2012584,1781628091.9619396,33.76068115234375,,1,end_to_end_with_processing,"TrainUploadReq includes client-side sync check, local training, encryption, commitment, and UpMsg sends"
5,CS,C4,CS->C4,TrainUploadReq,1,4,,194,33.80208560000028,http,441cb1115681f0280203c2067ae37fcdf114f7d3f1099e51c139db01a5f67371,127.0.0.1,9404,11571.8458478,11605.6479334,1781628058.2012584,1781628092.0003252,33.79906678199768,,1,end_to_end_with_processing,"TrainUploadReq includes client-side sync check, local training, encryption, commitment, and UpMsg sends"
5,CS,C5,CS->C5,TrainUploadReq,1,5,,194,33.917939200000546,http,7138991282cba889100d5e3c0ff539896c40ebe6a0b5c098b80a860c016f4704,127.0.0.1,9405,11571.8464568,11605.764396,1781628058.2012584,1781628092.1164649,33.91520643234253,,1,end_to_end_with_processing,"TrainUploadReq includes client-side sync check, local training, encryption, commitment, and UpMsg sends"
5,C2,CS,C2->CS,UpMsg,1,2,,2108853,0.03675110000040149,http,7ecb823820b85b021b41a394b38054bb25ebcad148b4586b42fd532c0b987dbe,127.0.0.1,9300,11605.1268264,11605.1635775,1781628091.5073457,1781628091.5163379,0.008992195129394531,,0,network_transfer,
5,C2,KGC,C2->KGC,UpMsg,1,2,,2108853,0.03796320000037667,http,7ecb823820b85b021b41a394b38054bb25ebcad148b4586b42fd532c0b987dbe,127.0.0.1,9200,11605.2058144,11605.2437776,1781628091.5879362,1781628091.595934,0.007997751235961914,,0,network_transfer,
5,C1,CS,C1->CS,UpMsg,1,1,,2108779,0.04495909999968717,http,c6f92c80941263076fe28073bc8c978b7f6350796878b46d42cb9f3a0fd674e6,127.0.0.1,9300,11605.3219945,11605.3669536,1781628091.7112448,1781628091.7192378,0.007992982864379883,,0,network_transfer,
5,C1,KGC,C1->KGC,UpMsg,1,1,,2108779,0.04124199999932898,http,c6f92c80941263076fe28073bc8c978b7f6350796878b46d42cb9f3a0fd674e6,127.0.0.1,9200,11605.4003057,11605.4415477,1781628091.7859218,1781628091.7919238,0.006001949310302734,,0,network_transfer,
5,C3,CS,C3->CS,UpMsg,1,3,,2108786,0.05240790000061679,http,b6f8f90668cd72cce15c47fd68bf9f4f9012a613b88be489c343f97815b89cfe,127.0.0.1,9300,11605.4860304,11605.5384383,1781628091.8789463,1781628091.8909032,0.011956930160522461,,0,network_transfer,
5,C4,CS,C4->CS,UpMsg,1,4,,2108799,0.025838100000328268,http,4091e484f341610de26f2f7219a305bf27bc8782174d8a01cb36f699dd8c5507,127.0.0.1,9300,11605.547605,11605.5734431,1781628091.915229,1781628091.9235764,0.008347272872924805,,0,network_transfer,
5,C3,KGC,C3->KGC,UpMsg,1,3,,2108786,0.03144430000065768,http,b6f8f90668cd72cce15c47fd68bf9f4f9012a613b88be489c343f97815b89cfe,127.0.0.1,9200,11605.5765916,11605.6080359,1781628091.951656,1781628091.957022,0.005365848541259766,,0,network_transfer,
5,C4,KGC,C4->KGC,UpMsg,1,4,,2108799,0.03345660000013595,http,4091e484f341610de26f2f7219a305bf27bc8782174d8a01cb36f699dd8c5507,127.0.0.1,9200,11605.611953,11605.6454096,1781628091.9903708,1781628091.9973226,0.006951808929443359,,0,network_transfer,
5,C5,CS,C5->CS,UpMsg,1,5,,2108825,0.01698939999914728,http,e14df7daba8f8955f88dd315816c99c00ecab7699082617b5eaeb8ce4fadba57,127.0.0.1,9300,11605.6839545,11605.7009439,1781628092.0465577,1781628092.0535533,0.006995677947998047,,0,network_transfer,
5,C5,KGC,C5->KGC,UpMsg,1,5,,2108825,0.03345409999928961,http,e14df7daba8f8955f88dd315816c99c00ecab7699082617b5eaeb8ce4fadba57,127.0.0.1,9200,11605.7283171,11605.7617712,1781628092.1067631,1781628092.1144967,0.007733583450317383,,0,network_transfer,
5,CS,KGC,CS->KGC,VerifyUploadsReq,1,,,7,0.2804956999989372,http,a8d48fa4148e067447e8d7184be1c00dbb296ef8e2524d44985dd54304865763,127.0.0.1,9200,11605.7662139,11606.0467096,1781628092.121494,1781628092.2951453,0.17365121841430664,,1,end_to_end_with_processing,KGC verifies upload signatures and builds rootUp
5,CS,KGC,CS->KGC,CompensationReq,1,,,7,0.024626500000522356,http,a8d48fa4148e067447e8d7184be1c00dbb296ef8e2524d44985dd54304865763,127.0.0.1,9200,11606.0506402,11606.0752667,1781628092.4205678,1781628092.425619,0.005051136016845703,,1,end_to_end_with_processing,KGC computes dropout compensation; includes computation time
5,CS,C1,CS->C1,AggMsg,1,1,,2108426,0.036576399999830755,http,42b3e1919924dabc3d7608e95670f6f49087d79dc02c3a47888f328f800c0cb3,127.0.0.1,9401,11606.3019432,11606.3385196,1781628092.660964,1781628092.6902382,0.02927422523498535,,0,network_transfer,
5,C1,CS,C1->CS,ShareMsg,1,1,,510,0.022373599998900318,http,bebb2e6bfde899ce6daa11eb3c0172d1d3df2ff151863b4a130e763df51b2c22,127.0.0.1,9300,11606.3141386,11606.3365122,1781628092.6882277,1781628092.6892421,0.0010144710540771484,,0,network_transfer,
5,CS,C2,CS->C2,AggMsg,1,2,,2108426,0.05378080000082264,http,ebf3a7c67002f67c9a20a76d3987fc47e2ef0c6abd3f37c8eaeb43f6e266b6d6,127.0.0.1,9402,11606.359223,11606.4130038,1781628092.7362938,1781628092.7649026,0.02860879898071289,,0,network_transfer,
5,C2,CS,C2->CS,ShareMsg,1,2,,514,0.023395799998979783,http,7f33ed468d920df988b945a8882ad74dc3b3a52e7636f6b0d33e3eb35db900c2,127.0.0.1,9300,11606.3878404,11606.4112362,1781628092.7626996,1781628092.7626996,0.0,,0,network_transfer,
5,CS,C3,CS->C3,AggMsg,1,3,,2108426,0.05052669999895443,http,94648a6a7d1cd6ae40ae6ff979c858568edb664a000ca8f8fc60d0e56c749999,127.0.0.1,9403,11606.4331514,11606.4836781,1781628092.8081152,1781628092.8334284,0.025313138961791992,,0,network_transfer,
5,C3,CS,C3->CS,ShareMsg,1,3,,516,0.021641199999066885,http,ce922a51279ea41971f069060ea8240c52decd9179105287ae071604967a0bbc,127.0.0.1,9300,11606.460165,11606.4818062,1781628092.8334284,1781628092.8334284,0.0,,0,network_transfer,
5,CS,C4,CS->C4,AggMsg,1,4,,2108426,0.025620599999456317,http,b887e1a839e195b09bfc95f1173381c2412882b788bf8fc024e2630c2afa3d58,127.0.0.1,9404,11606.504171,11606.5297916,1781628092.8654342,1781628092.8821254,0.016691207885742188,,0,network_transfer,
5,C4,CS,C4->CS,ShareMsg,1,4,,512,0.01136899999983143,http,e28244f29a9bb12d6ad0bf7958f7f14f6468599288205000ac367c9520306958,127.0.0.1,9300,11606.5168954,11606.5282644,1781628092.880112,1781628092.8811283,0.001016378402709961,,0,network_transfer,
5,CS,C5,CS->C5,AggMsg,1,5,,2108426,0.0538739000003261,http,0bef41d6eb8f9ad1eb433966a4746fc82f7460bd17050c2a6588eb1dae36d2e6,127.0.0.1,9405,11606.5497371,11606.603611,1781628092.9234385,1781628092.956,0.032561540603637695,,0,network_transfer,
5,C5,CS,C5->CS,ShareMsg,1,5,,511,0.023387999999613385,http,727198534cec1aec218d2d5ce08e04bfbec063c0989ebe7141a34c93aaabdbef,127.0.0.1,9300,11606.5788371,11606.6022251,1781628092.9539368,1781628092.9549909,0.0010540485382080078,,0,network_transfer,
5,CS,KGC,CS->KGC,ModelMsg,1,,,77938,0.4443009999995411,http,ba16b1586e01f0a382aedc66580fa1b222399f421f9f1060554173dbd7e67e13,127.0.0.1,9200,11619.2349947,11619.6792957,1781628105.6046708,1781628106.0315642,0.4268934726715088,,1,end_to_end_with_processing,"KGC verifies final model, builds FinalTx, and may submit blockchain transaction"
5,CS,C1,CS->C1,ModelBroadcast,1,1,,78390,0.030344099999638274,http,f9539bfb88bc1d2c0fcd8890feac00ad3dcc52bd70cdac68411f0afde8f64658,127.0.0.1,9401,11619.681693,11619.7120371,1781628106.0516117,1781628106.0639365,0.012324810028076172,,0,network_transfer,
5,CS,C2,CS->C2,ModelBroadcast,1,2,,78390,0.02544119999947725,http,3e05ef59924af3967d4810db59244a0a5b7ce13c96d9f076352f2f4a2ddb203e,127.0.0.1,9402,11619.7143576,11619.7397988,1781628106.0793512,1781628106.0921693,0.012818098068237305,,0,network_transfer,
5,CS,C3,CS->C3,ModelBroadcast,1,3,,78390,0.026112699999430333,http,d60ab54d815314619cf603785d700fedfa61589de15dbd6d1a5411f68c5908f1,127.0.0.1,9403,11619.7425432,11619.7686559,1781628106.1075706,1781628106.1214468,0.013876199722290039,,0,network_transfer,
5,CS,C4,CS->C4,ModelBroadcast,1,4,,78390,0.016130099998918013,http,9eceea5d3a75f78b0b319090792f1bf1e55e00cb7ad51fdee927b3be308b2333,127.0.0.1,9404,11619.7711328,11619.7872629,1781628106.1264458,1781628106.1394436,0.012997865676879883,,0,network_transfer,
5,CS,C5,CS->C5,ModelBroadcast,1,5,,78390,0.018540900000516558,http,082db9f2ab94d94117d0af5211cb67f7354c5af5b6b1fc0296e7b5e08b5c65b6,127.0.0.1,9405,11619.7898037,11619.8083446,1781628106.14441,1781628106.1604044,0.015994548797607422,,0,network_transfer,
